Num	Chromosome	Region	Strand	MappedChromosome	MappedRegion	E_value
0	A01	5673768..8686273	+	C01	7169566..12442211	0
1	A01	14334873..16380319	+	C01	26142074..29984327	3.3e-321
2	A01	4373132..5357897	+	C01	5830866..7152181	3.90E-247
3	A01	22863392..23888612	+	C01	16595418..18529684	1.50E-112
4	A01	13929257..14415096	+	C01	30781529..31669991	5.00E-101
5	A01	2564991..2921132	+	C01	33839704..34691281	1.00E-68
8	A01	3873..4327474	-	C01	10858..5824135	0
9	A01	9211784..10335042	-	C01	12232952..14237322	0
10	A01	21086763..21899398	-	C01	36545087..37987036	0
11	A01	16711485..17473625	-	C01	32208831..33713857	5.20E-291
12	A01	20626217..21015313	-	C01	35865294..36432458	1.90E-229
13	A01	11932993..12742657	-	C01	25569123..27038277	3.30E-136
14	A01	12475849..13442699	-	C01	24372100..25395711	1.30E-128
15	A01	19769742..20216687	-	C01	34734589..35592217	2.40E-123
16	A01	17660374..17966189	-	C01	31720283..32245490	5.20E-98
17	A01	10561293..11538540	-	C01	14849587..16511957	4.80E-92
18	A01	18450614..18549635	-	C01	38440664..38585563	2.00E-63
19	A01	24382685..24488417	-	C01	38603221..38750671	2.80E-53
20	A01	21021776..21090791	-	C01	38360059..38439659	8.90E-43
21	A01	22742065..22864930	-	C01	24601455..25500933	7.60E-36
216	A01	5258459..5946219	-	C02	29129820..30979314	2.30E-54
217	A01	9668325..10054129	-	C02	10094646..11162096	9.10E-37
218	A01	19304222..19642410	-	C02	3767421..4250449	1.50E-36
219	A01	664409..1310366	-	C02	8650220..9717763	1.90E-35
220	A01	4635528..5168589	-	C02	30451587..32088237	2.30E-39
394	A01	16822324..18685677	+	C03	21661066..23179572	2.80E-101
395	A01	6283194..7065447	+	C03	50508072..51579430	6.50E-50
396	A01	2512141..3495447	+	C03	27841703..29806764	1.70E-46
397	A01	19898125..20504772	+	C03	21252044..21819796	8.10E-37
398	A01	20687518..21012845	+	C03	20247812..20811476	1.20E-38
399	A01	5640947..6029662	+	C03	49657081..50437157	2.90E-33
400	A01	21446681..21841756	+	C03	456458..916898	6.70E-25
415	A01	411013..2327364	-	C03	53036632..55163450	0
416	A01	4785522..5770995	-	C03	47726079..49442993	1.60E-157
417	A01	15160824..16380319	-	C03	23829421..24970009	1.20E-152
418	A01	3449274..4069272	-	C03	46543544..47772126	2.90E-146
419	A01	14039338..14409094	-	C03	22916552..23194911	4.30E-52
420	A01	5930407..6289426	-	C03	50072091..50501554	2.70E-49
421	A01	4161714..4376302	-	C03	45893229..46437942	2.20E-42
422	A01	11550200..12067472	-	C03	7523933..7865717	1.20E-43
423	A01	21876335..22094384	-	C03	17889971..18354072	9.90E-38
424	A01	9924993..10282856	-	C03	6072043..6480284	5.70E-40
425	A01	6329748..6894094	-	C03	17185827..17780962	6.60E-40
426	A01	3014534..3136340	-	C03	49427485..49593817	5.90E-25
427	A01	19921634..20302396	-	C03	56836057..57319714	1.30E-25
428	A01	19756745..19839973	-	C03	19783439..20023842	1.20E-23
429	A01	11028433..11538540	-	C03	34559464..36241508	1.60E-25
430	A01	8033100..8425748	-	C03	7483181..8132091	2.30E-26
431	A01	10292668..10510111	-	C03	11397371..11838956	7.10E-24
432	A01	19736799..19959700	-	C03	2657995..2965054	4.30E-21
739	A01	17538582..17819576	-	C04	13856851..14234388	6.90E-53
740	A01	14903367..15265532	-	C04	13017759..13636255	1.60E-25
742	A01	4053914..4316194	-	C04	29276615..29800972	5.60E-21
955	A01	15255670..16460677	+	C05	18083575..22119341	5.20E-122
956	A01	17356630..17651519	+	C05	30838699..31366807	1.00E-35
960	A01	16644007..17455558	-	C05	26697554..28210984	6.90E-231
961	A01	19801232..20575095	-	C05	28239522..29605906	2.90E-170
962	A01	20634800..21015313	-	C05	30046569..30682278	9.40E-140
963	A01	21529266..21987120	-	C05	31139281..31952313	9.90E-100
964	A01	18450614..18549635	-	C05	32123732..32405226	3.20E-48
965	A01	24367859..24484612	-	C05	32520230..32709029	1.10E-40
966	A01	21021776..21076892	-	C05	32019715..32106738	2.90E-24
1145	A01	4892038..8686273	+	C07	41033300..44104798	0
1146	A01	3873..2458857	+	C07	44724332..46839490	0
1147	A01	2854331..3898992	+	C07	46840029..47900089	5.60E-168
1148	A01	4390517..4873728	+	C07	38991245..39492639	1.90E-71
1149	A01	10292668..10728493	+	C07	36322654..36919290	9.50E-65
1150	A01	3948788..4304636	+	C07	47847748..48267168	1.40E-39
1151	A01	13538811..14171538	+	C07	38605935..38914379	3.80E-39
1152	A01	403375..1001481	+	C07	7113084..10194355	1.90E-31
1153	A01	8698650..9096423	+	C07	38795305..38988873	2.70E-27
1160	A01	9109041..10335042	-	C07	44048633..44717254	3e-317
1161	A01	2477795..3422650	-	C07	9970054..14754542	8.30E-139
1162	A01	4509943..5158238	-	C07	27587084..28635355	8.20E-74
1163	A01	5690008..5933684	-	C07	26805514..27821066	2.80E-33
1164	A01	23846791..24204189	-	C07	1151209..1747316	3.20E-25
1165	A01	1286168..1887099	-	C07	35353224..36220471	2.30E-28
1412	A01	19921634..20575095	+	C06	20499803..21553326	1.10E-28
1413	A01	16376755..17142615	+	C06	10334574..11596689	2.00E-26
1422	A01	8751234..9096423	-	C06	6250745..7122856	1.00E-33
1634	A01	22863392..23695245	+	C08	23918872..24836913	1.20E-46
1635	A01	3872268..4627648	+	C08	35072123..36113517	7.80E-38
1636	A01	23750840..24164894	+	C08	26611443..27362354	1.50E-34
1637	A01	18259..394596	+	C08	15920814..16443660	9.60E-32
1638	A01	13538811..14139219	+	C08	14263058..15003785	3.50E-30
1639	A01	14462247..14864104	+	C08	25819358..26473498	5.10E-23
1640	A01	7712173..7995215	+	C08	15163710..15369992	1.10E-23
1646	A01	973242..1887099	-	C08	33683678..34597967	1.50E-97
1647	A01	9115609..9841146	-	C08	15368513..15902467	1.50E-72
1648	A01	12253801..12515612	-	C08	24928348..25803143	4.90E-36
1880	A01	21789263..22211446	+	C09	1387704..1900376	1.30E-97
1881	A01	11092298..11992775	+	C09	17051152..18885364	7.90E-86
1882	A01	19295673..20039151	+	C09	32081849..33813782	1.90E-54
1883	A01	6007649..6851948	+	C09	11244001..12995598	1.70E-47
1893	A01	10292668..10688595	-	C09	3881204..4428421	1.70E-131
1894	A01	4383599..4811618	-	C09	7821181..8962528	7.20E-41
1895	A01	5013412..5770995	-	C09	6462318..7620192	1.10E-38
1896	A01	1327377..2179314	-	C09	36010967..36862619	1.10E-21
1897	A01	2968493..3612270	-	C09	5020530..5866942	1.40E-33
1898	A01	20632512..20855182	-	C09	38329980..38687929	3.00E-25
34	A02	5568508..6374357	-	C01	12060698..13234130	2.80E-58
35	A02	16498458..17235151	-	C01	6216009..6755380	1.80E-30
36	A02	19561524..20142626	-	C01	38362657..38750671	7.40E-23
227	A02	10057066..13159331	+	C02	14011206..20894484	0
228	A02	3611257..5536609	+	C02	5403708..9597297	0
229	A02	2158405..3479684	+	C02	3277414..5447020	0
230	A02	8243116..9361663	+	C02	37846751..39910228	2.6e-316
231	A02	16053754..17198032	+	C02	30293741..32074768	1.90E-115
232	A02	17325025..18027628	+	C02	32283719..33840507	3.20E-106
233	A02	1278147..1568925	+	C02	2843404..3301726	1.70E-67
234	A02	9349059..9552827	+	C02	13375890..13924116	1.10E-22
238	A02	2092..1012692	-	C02	1017290..2568062	0
239	A02	19617424..20369469	-	C02	40069142..41293253	4.80E-283
240	A02	5551257..6247434	-	C02	9695801..10775648	3.60E-221
241	A02	21975494..22597116	-	C02	41565359..42547090	1.70E-217
242	A02	18041571..18460070	-	C02	12438765..13513250	4.90E-161
243	A02	18483190..18842130	-	C02	42887302..43584316	1.10E-136
244	A02	1088375..1320245	-	C02	45392..362786	2.20E-117
245	A02	19093291..19401938	-	C02	42327711..42794280	1.00E-98
246	A02	8029610..8232984	-	C02	10804652..11309924	6.40E-59
247	A02	3535225..3604584	-	C02	32087366..32267109	1.20E-43
248	A02	21738929..21994521	-	C02	43588494..44030988	1.50E-45
249	A02	23021908..23241357	-	C02	3933711..4395933	2.70E-30
250	A02	15347505..15531245	-	C02	20633679..21328188	6.00E-24
446	A02	1690431..5529420	+	C03	1990978..5947864	0
447	A02	22478105..22890631	+	C03	29881399..31049419	7.20E-69
448	A02	21546822..21927718	+	C03	11200505..11801793	6.50E-48
449	A02	4234030..4892054	+	C03	33109805..36299190	2.90E-28
450	A02	2029195..2508824	+	C03	19692848..20061086	1.10E-25
451	A02	5804429..6053256	+	C03	55254717..55559274	4.50E-21
456	A02	13989..1167732	-	C03	19969..1729846	0
457	A02	6626229..8232984	-	C03	6553888..8003284	2.40E-228
458	A02	5591702..6223308	-	C03	5971023..6512002	3.80E-90
459	A02	22385247..22467901	-	C03	42496122..43024060	1.30E-26
460	A02	14196744..14594822	-	C03	19298931..19625908	3.10E-26
461	A02	3476224..4118672	-	C03	36405744..39265891	1.00E-22
745	A02	23330024..23949085	+	C04	26543430..27069976	7.30E-68
972	A02	11066114..12622445	+	C05	13735892..16518115	6.90E-103
973	A02	472846..729715	+	C05	31505608..31936795	4.50E-22
979	A02	13063854..14011085	-	C05	5824643..6991595	3.70E-90
980	A02	5781135..6234563	-	C05	4312797..5125090	3.10E-41
1173	A02	8243116..9352035	+	C07	32135900..34194541	9.00E-236
1174	A02	16498458..18027628	+	C07	27602038..29495460	5.50E-134
1175	A02	7394669..7880935	+	C07	25135252..26315049	1.20E-105
1184	A02	21220693..21994521	-	C07	36045130..37398210	2.20E-175
1185	A02	19900731..20369469	-	C07	34314983..34939343	6.40E-133
1186	A02	18483190..18883202	-	C07	35344460..36032624	2.40E-95
1187	A02	16053754..16747185	-	C07	41033300..41592446	1.30E-43
1188	A02	17028606..17968086	-	C07	38656346..39414838	2.30E-48
1189	A02	15949039..16694254	-	C07	24060881..24915460	1.00E-26
1426	A02	18041571..18460070	+	C06	7521161..8146119	8.00E-53
1427	A02	20703714..20899357	+	C06	16929995..17917859	2.20E-31
1434	A02	11532494..13756480	-	C06	2001..2504081	0
1435	A02	9323125..12595622	-	C06	31408117..35576702	0
1436	A02	10692333..11647640	-	C06	2944597..4226535	4.70E-249
1437	A02	12928533..14059928	-	C06	30023304..31384453	2.50E-166
1438	A02	9651462..10224233	-	C06	4427196..5255742	1.60E-120
1439	A02	14923920..15369969	-	C06	35536418..37369218	5.70E-56
1440	A02	9435948..9658174	-	C06	7048411..7395013	1.80E-43
1662	A02	10692333..11195205	-	C08	36670091..36957712	3.80E-27
1907	A02	6737525..7693068	+	C09	17336879..20768268	2.40E-110
1908	A02	8260997..9326734	+	C09	1744748..2388383	2.30E-90
1909	A02	758518..1094213	+	C09	39328608..40098480	4.20E-85
1910	A02	7728860..8276356	+	C09	21489993..23384688	1.50E-80
1911	A02	167521..638511	+	C09	38179293..39219279	2.90E-70
1912	A02	21220693..22037226	+	C09	3696169..4630697	7.50E-52
1913	A02	16053754..17381829	+	C09	6932349..8739626	1.40E-48
1914	A02	5575..201797	+	C09	37547975..37964519	2.80E-44
1915	A02	23009515..23871257	+	C09	31888672..32814204	8.40E-36
1916	A02	17501467..18011583	+	C09	8706509..9179679	6.70E-34
1917	A02	5568508..5702070	+	C09	23379354..23867302	4.00E-33
1918	A02	18925395..19041705	+	C09	3491217..3624710	8.30E-22
1919	A02	5841961..6128706	+	C09	23931701..24889024	5.50E-21
1920	A02	14156989..14749161	+	C09	22773..708554	1.30E-23
1921	A02	18545209..18799817	+	C09	4600658..4775486	5.90E-21
1922	A02	15329022..15894468	+	C09	13033490..14275925	1.60E-21
1926	A02	2151856..4320198	-	C09	28370646..33880855	0
1927	A02	1281973..2095518	-	C09	34983779..36760831	0
1928	A02	4505911..5614782	-	C09	24750857..28283433	0
1929	A02	19102236..19738644	-	C09	2837513..3449916	6.80E-79
1930	A02	19870923..20369469	-	C09	2435306..2774598	5.20E-67
1931	A02	21999630..22154875	-	C09	5163886..5593699	5.50E-38
1932	A02	204680..351740	-	C09	37920268..38298684	3.80E-39
1933	A02	20395763..20634884	-	C09	30849137..31469984	5.80E-22
43	A03	3030011..5413247	+	C01	2560793..5859156	0
44	A03	24642867..25168798	+	C01	38016002..38457602	1.20E-102
45	A03	19583429..19836989	+	C01	37383139..37874348	2.90E-44
46	A03	853979..1302175	+	C01	33873179..34579316	8.50E-30
47	A03	26001949..26510224	+	C01	12592344..13432195	4.10E-28
48	A03	11296345..11846764	+	C01	1888737..2386559	1.30E-23
57	A03	5412561..8949158	-	C01	6342073..14237322	0
58	A03	567054..2521538	-	C01	260888..2595265	0
59	A03	19856569..20792965	-	C01	34771900..37262491	0
60	A03	21100648..22842586	-	C01	28674389..33786955	0
61	A03	19155469..19549581	-	C01	38200135..38750671	1.20E-126
62	A03	22665586..23349760	-	C01	25569123..28690491	2.50E-131
63	A03	27995828..28580968	-	C01	36155790..37360378	1.90E-85
64	A03	9170574..9354012	-	C01	5875757..6220177	1.40E-58
65	A03	16822689..17146991	-	C01	8216683..8994406	6.50E-29
67	A03	26984837..27367835	-	C01	11333710..11836402	1.80E-22
68	A03	10124296..10598925	-	C01	1079798..1818843	1.40E-25
71	A03	10596784..11125321	-	C01	6731833..7825775	2.20E-23
255	A03	27430617..29478138	+	C02	51843..3301726	2.4e-310
256	A03	30118949..31226476	+	C02	3296103..5395529	1.10E-186
257	A03	31845367..32762886	+	C02	7041051..10141266	9.40E-176
258	A03	31367737..31832745	+	C02	5406408..6779463	1.70E-111
259	A03	26129641..26526868	+	C02	10094646..11309924	1.80E-53
260	A03	8214063..9155713	+	C02	29143540..32074768	1.70E-34
261	A03	18218216..18487980	+	C02	3312689..4109121	3.00E-35
268	A03	31276062..31421553	-	C02	31820338..32255695	3.60E-36
467	A03	29643592..32786131	+	C03	1982512..6174899	0
468	A03	27557180..29228600	+	C03	805..1974904	0
469	A03	16770154..18407426	+	C03	17185827..20062578	0
470	A03	13645764..15182163	+	C03	11545698..14234345	0
471	A03	26001949..27390817	+	C03	6166313..8164709	0
472	A03	15447774..16682343	+	C03	13895784..16558399	0
473	A03	12647709..13641969	+	C03	9644815..11315567	0
474	A03	22120623..23729316	+	C03	23215407..26247982	0
475	A03	19875545..20972916	+	C03	20065978..21819796	2e-312
476	A03	21090603..21944257	+	C03	21487137..23194911	2.90E-224
477	A03	25375943..26056729	+	C03	8556556..9687694	2.40E-203
478	A03	3104874..4971840	+	C03	53054735..55163450	4.90E-159
479	A03	24327574..24744981	+	C03	8091984..8576853	1.90E-93
480	A03	20797556..21190504	+	C03	16475821..17162326	1.60E-75
481	A03	8421572..8995026	+	C03	47939840..49442993	5.60E-52
482	A03	18142152..18452138	+	C03	2425850..3125371	1.90E-34
483	A03	8002233..8209992	+	C03	50072091..50501554	6.50E-23
484	A03	19887143..20496721	+	C03	570143..1300807	1.90E-23
485	A03	1217555..1647085	+	C03	28915080..29686130	7.30E-21
503	A03	11384460..12696973	-	C03	25751693..28858052	0
504	A03	325..505548	-	C03	12333849..13081311	2.70E-132
505	A03	27636470..27848528	-	C03	128145..313130	4.70E-68
506	A03	7193963..8008535	-	C03	50508072..51582771	2.50E-57
507	A03	5344136..6135365	-	C03	5817709..7293449	1.50E-66
508	A03	1695778..2557613	-	C03	46757524..48056012	3.70E-56
509	A03	8150247..8782275	-	C03	49211007..50104819	6.40E-53
510	A03	20951586..21437886	-	C03	55678147..56672075	1.60E-28
512	A03	24071706..24885663	-	C03	28768753..30223596	1.20E-21
750	A03	24022433..26135934	+	C04	32484114..37344959	0
751	A03	13656221..15066974	+	C04	62837..3630906	2.10E-265
752	A03	13600089..15003213	+	C04	38850010..40858375	5.40E-225
753	A03	12647709..13664761	+	C04	37280621..38710713	4.40E-156
754	A03	12647709..13476769	+	C04	4912972..7320585	1.00E-143
755	A03	24778501..25537373	+	C04	18992445..21853228	2.70E-120
756	A03	25457894..25982378	+	C04	3685376..4865003	9.70E-60
757	A03	24035483..24593050	+	C04	17262661..18694960	5.90E-41
758	A03	10054360..10230951	+	C04	8069628..8575657	1.90E-27
766	A03	325..511137	-	C04	39503934..40170520	9.2e-310
767	A03	325..505548	-	C04	1205508..2543504	8.00E-188
768	A03	21615776..21816255	-	C04	13604794..14237184	2.50E-38
769	A03	15280990..15456885	-	C04	30293073..31012545	1.20E-29
770	A03	15122481..15257972	-	C04	31607564..32626333	1.70E-29
984	A03	32600645..32771767	+	C05	4117707..5017275	6.30E-29
990	A03	20102204..21366634	-	C05	27583663..30762141	0
991	A03	19141619..19508318	-	C05	31893584..32709029	2.70E-155
992	A03	22348713..23005966	-	C05	18095875..20880260	2.40E-151
993	A03	21939245..22379480	-	C05	21946483..23853438	1.20E-110
994	A03	24022433..24977424	-	C05	1430026..2561236	1.10E-88
995	A03	19871312..20082108	-	C05	31446231..31952313	1.10E-56
996	A03	28091699..28390934	-	C05	31446231..31936795	1.60E-57
997	A03	21436581..21594622	-	C05	26607884..27369078	1.00E-37
998	A03	17234547..17698367	-	C05	508114..932756	8.70E-44
1195	A03	1185984..2483267	+	C07	47038704..48018935	1.60E-259
1196	A03	25020019..25371582	+	C07	40366622..41001997	3.20E-127
1197	A03	11319046..11866174	+	C07	13100423..15971850	9.20E-52
1198	A03	12004621..12537569	+	C07	4496508..6881871	1.60E-45
1199	A03	558574..728810	+	C07	46710822..46841317	8.50E-29
1214	A03	2678546..8921680	-	C07	41033300..46754330	0
1215	A03	8747566..10312735	-	C07	37782784..39951939	0
1216	A03	10498804..11297565	-	C07	36750257..37819063	0
1217	A03	1153117..1713322	-	C07	10099029..13101214	4.70E-66
1218	A03	26630054..26909290	-	C07	25253595..26036182	2.20E-45
1219	A03	16624517..17239689	-	C07	42028683..43223846	1.80E-48
1220	A03	28672809..28911293	-	C07	36584296..37454040	2.80E-45
1221	A03	26134860..26218444	-	C07	26405237..26741960	7.60E-22
1222	A03	4748762..4983290	-	C07	7113084..8058936	3.00E-22
1224	A03	26902393..27230105	-	C07	43777922..44091445	2.00E-23
1442	A03	15151732..15579416	+	C06	5193321..6205955	1.20E-133
1443	A03	20375388..21171968	+	C06	19741536..21947626	9.40E-44
1444	A03	20827208..21479164	+	C06	9754202..11596689	1.20E-22
1445	A03	14085656..14634402	+	C06	26903207..27957263	4.00E-23
1453	A03	23425276..24047869	-	C06	14371666..15508177	2.30E-28
1454	A03	325..492631	-	C06	27189028..27957263	1.50E-25
1669	A03	13988948..14975878	+	C08	31088832..32882472	3.40E-67
1670	A03	3668377..4367302	+	C08	33946835..34575453	1.90E-36
1671	A03	25544301..25989939	+	C08	27617289..28551808	3.00E-26
1683	A03	5002237..5788350	-	C08	15368513..16443660	1.70E-116
1684	A03	9530441..10024864	-	C08	12973433..14488344	1.20E-91
1685	A03	10067028..10310333	-	C08	27374453..27795306	7.40E-58
1686	A03	325..497670	-	C08	31590046..32250543	9.50E-59
1687	A03	10579677..10812023	-	C08	26338160..27266876	4.60E-34
1688	A03	23161407..23247058	-	C08	24942439..26391556	8.40E-29
1939	A03	8299517..9403880	+	C09	6565619..9158594	7.80E-47
1940	A03	10811247..11295468	+	C09	3696169..4089651	5.00E-44
1941	A03	27636470..27848528	+	C09	39678217..40095281	1.90E-26
1942	A03	28597880..28735616	+	C09	38005492..38311588	8.30E-28
1943	A03	5758307..6135365	+	C09	23395955..25448851	3.10E-22
1950	A03	30106827..32618547	-	C09	24730320..33887854	0
1951	A03	28743390..30111537	-	C09	34943029..37964519	0
1952	A03	17198572..18098626	-	C09	84001..1692113	2.3e-314
1953	A03	26694151..27279138	-	C09	17504586..20765635	7.30E-163
1954	A03	28228486..28654663	-	C09	38264173..39240070	2.40E-153
1955	A03	26267998..26680837	-	C09	21416210..23790880	3.60E-115
1956	A03	15808920..16674907	-	C09	12981428..17256968	2.00E-99
1957	A03	27844173..28130795	-	C09	39130746..39706096	4.20E-67
1958	A03	16840548..17176088	-	C09	11529197..12860261	1.40E-60
1959	A03	18199466..18452138	-	C09	32812034..33804826	1.10E-61
1960	A03	11791548..12093226	-	C09	5666054..6098187	1.10E-35
1961	A03	20003973..20477049	-	C09	38297655..39083235	2.40E-43
1962	A03	25992577..26124759	-	C09	23942396..24648176	1.70E-30
1963	A03	11352206..11687486	-	C09	6041789..6419047	5.40E-27
1964	A03	10959371..11289984	-	C09	37801508..37962370	1.50E-23
1965	A03	1215319..1918667	-	C09	5026163..5866942	1.90E-23
76	A04	11358813..12121170	+	C01	38016002..38368134	4.10E-35
77	A04	6165853..6735223	+	C01	3454595..4228874	2.30E-25
81	A04	12806422..13232884	-	C01	30086525..30736707	9.20E-119
82	A04	8285548..8810306	-	C01	22458509..23312573	4.10E-78
83	A04	4803891..5788376	-	C01	12363..677643	9.80E-86
84	A04	9117411..9517189	-	C01	21809840..22655897	1.10E-55
85	A04	6807097..7259370	-	C01	730131..1145388	1.00E-33
279	A04	18121942..18976878	+	C02	37957914..39225990	2.00E-39
525	A04	10792527..11371313	+	C03	8108679..8501941	3.70E-42
526	A04	12809635..13232884	+	C03	23114355..23679224	1.30E-28
527	A04	12143113..12454919	+	C03	43937819..45229545	1.80E-21
532	A04	14000940..15837849	-	C03	8469039..11315567	0
533	A04	13350536..13993570	-	C03	11545698..12276898	1.30E-132
534	A04	155624..1074925	-	C03	12897143..14068388	4.40E-95
535	A04	15884264..16449845	-	C03	12938840..13712308	1.70E-89
536	A04	4816882..5788376	-	C03	45970987..47091071	7.30E-71
537	A04	8892126..9248549	-	C03	52303314..52924642	2.70E-31
538	A04	1768880..2204990	-	C03	11625872..12087393	2.20E-22
780	A04	11822450..12577344	+	C04	34667219..35997741	2.30E-296
781	A04	7088129..8279584	+	C04	29459844..31108069	4.70E-288
782	A04	1928639..3098670	+	C04	21913265..24081315	7.20E-199
783	A04	11660888..12565359	+	C04	18992445..21505564	1.30E-172
784	A04	10557540..11644952	+	C04	32620404..34617903	4.30E-156
785	A04	3597538..4725711	+	C04	27177387..28581238	2.20E-144
786	A04	1547781..1930144	+	C04	9136474..10010034	9.50E-81
787	A04	10565427..11529653	+	C04	17290289..18738624	1.00E-59
788	A04	18984600..19362210	+	C04	24020183..24651797	2.10E-48
789	A04	1206428..1407844	+	C04	8436626..9091955	6.80E-46
790	A04	20773413..20868579	+	C04	15056246..15254524	3.20E-32
791	A04	9624523..10217689	+	C04	15200876..16254189	2.40E-31
792	A04	12609163..12792026	+	C04	32331224..32600291	2.90E-25
793	A04	15177536..15607912	+	C04	7289959..8289657	9.40E-22
803	A04	13470192..15803677	-	C04	36001245..39438221	0
804	A04	14525084..16251984	-	C04	2545863..6366086	0
805	A04	19268008..20719656	-	C04	24671506..26617119	0
806	A04	15817498..16449845	-	C04	40095343..40760480	0
807	A04	13234537..13959254	-	C04	26806..1193719	2.60E-231
808	A04	5538917..6265572	-	C04	28183621..29679603	7.90E-183
809	A04	9665064..10273713	-	C04	31123991..32218280	2.90E-162
810	A04	255393..1058286	-	C04	40001435..40862056	3.20E-119
811	A04	122635..345406	-	C04	14365044..14963257	2.30E-93
812	A04	289787..1103855	-	C04	1815761..3502275	3.20E-109
813	A04	14179228..14476350	-	C04	6644772..7320585	1.40E-66
814	A04	1616237..2259746	-	C04	34509..819209	2.60E-42
815	A04	15740012..15914909	-	C04	21475494..21825121	9.20E-28
816	A04	7612098..7935906	-	C04	10881455..12225280	8.70E-28
817	A04	2401154..2847759	-	C04	6753356..7320585	7.20E-23
818	A04	1111437..1463047	-	C04	1051246..1695982	1.20E-23
1005	A04	8553892..9202853	+	C05	25152262..25501764	1.60E-23
1008	A04	12779401..13232884	-	C05	22175720..23628907	3.50E-129
1009	A04	10581270..11680669	-	C05	1566085..2477716	1.90E-91
1010	A04	16513957..17450133	-	C05	8285513..9300555	1.70E-36
1238	A04	12001533..12540903	+	C07	40366622..40994912	7.70E-70
1239	A04	18244539..18929174	+	C07	32415964..33427445	5.80E-38
1246	A04	6399555..6784840	-	C07	45724256..46134969	2.40E-44
1460	A04	16264351..16742927	+	C06	23325224..24645936	9.30E-52
1461	A04	2573841..3333633	+	C06	28990094..29905776	1.80E-26
1462	A04	1407070..1665190	+	C06	28627569..29122535	7.10E-27
1464	A04	759105..1407844	-	C06	26903207..28134287	5.00E-115
1465	A04	16755409..17450133	-	C06	13785972..15436041	2.40E-76
1466	A04	41064..495379	-	C06	16076426..16834783	1.80E-43
1467	A04	7791225..8212190	-	C06	5539439..5971295	1.00E-28
1468	A04	1665575..1872832	-	C06	26518507..26876706	6.30E-26
1469	A04	14907370..15115715	-	C06	15513357..15932029	1.10E-23
1697	A04	5866526..7230022	+	C08	33764191..35034451	1.40E-108
1698	A04	4760331..5810745	+	C08	34932497..35899239	7.70E-104
1699	A04	3614452..4401939	+	C08	4297072..6975339	2.60E-25
1701	A04	35149..2931108	-	C08	29264293..33499072	0
1702	A04	13383464..14410844	-	C08	29193437..31156444	8.30E-153
1703	A04	15834794..16546017	-	C08	31993568..33050721	3.40E-101
1704	A04	14803979..15601199	-	C08	27617289..28813764	6.50E-93
1705	A04	3188052..3592178	-	C08	28630049..29026956	2.50E-74
88	A05	2022902..3035072	+	C01	35469356..37231552	5.40E-200
89	A05	3962408..4380117	+	C01	34734589..35460679	8.10E-59
90	A05	2967582..3388245	+	C01	32782377..33713857	2.40E-59
91	A05	6381627..6843519	+	C01	29471894..30185569	1.00E-37
98	A05	4768730..6340030	-	C01	30311067..32458398	1.4e-321
99	A05	1185540..2013688	-	C01	36818843..37987036	1.80E-288
100	A05	696201..1353951	-	C01	38128514..38750671	3.60E-189
101	A05	7077481..8409620	-	C01	27851575..29695919	4.60E-146
102	A05	4405357..4662533	-	C01	32344995..32740175	7.30E-39
103	A05	8261644..8646620	-	C01	32672458..33786955	1.10E-36
104	A05	9350579..10153219	-	C01	27533554..28354643	4.60E-26
282	A05	16581859..16930125	+	C02	23839332..24740845	3.20E-30
283	A05	1586579..2013688	+	C02	1042009..1804675	7.90E-31
284	A05	26745..345094	+	C02	3277414..3768121	9.10E-23
288	A05	16649013..16762150	-	C02	24200586..24497564	7.70E-37
289	A05	2396519..2878888	-	C02	1839704..2157120	4.60E-46
290	A05	356383..698284	-	C02	42125076..42780994	1.10E-26
291	A05	814835..1187244	-	C02	40400752..41167826	2.50E-25
546	A05	18480253..19579396	+	C03	12324637..13521595	2.30E-150
547	A05	4427742..5728726	+	C03	22167356..23194911	4.60E-127
548	A05	6943772..8173910	+	C03	23465988..24898400	5.60E-85
549	A05	17764283..18311279	+	C03	11573797..12276898	3.20E-79
550	A05	2995600..4547540	+	C03	55758099..57655749	8.80E-71
551	A05	1492208..1963210	+	C03	49263..817888	1.70E-42
552	A05	16324838..16922968	+	C03	18033735..18787551	1.90E-40
553	A05	10454..305753	+	C03	19743543..20023842	1.30E-36
554	A05	110532..343093	+	C03	2657995..3003738	7.10E-23
566	A05	19550322..22002536	-	C03	8562310..11380760	0
567	A05	2022902..2523812	-	C03	20413131..21103427	3.80E-155
568	A05	3864145..4380117	-	C03	21113016..21615829	1.10E-98
569	A05	3251621..3676384	-	C03	16805706..17162326	1.30E-78
570	A05	6461983..7219016	-	C03	23393774..23928005	2.40E-80
571	A05	17009217..17395127	-	C03	13773168..14081685	2.60E-72
572	A05	14493608..15059904	-	C03	8108679..8505916	6.10E-74
573	A05	17547149..17751619	-	C03	13565389..13712308	6.00E-48
574	A05	2790255..3246712	-	C03	21661066..22404600	2.60E-53
575	A05	8198617..8868592	-	C03	55549198..56360027	4.70E-42
576	A05	2440423..2868028	-	C03	899622..1227393	1.30E-36
577	A05	2711289..2850507	-	C03	20348421..20552405	2.50E-28
578	A05	22279654..22674525	-	C03	44527112..45229545	1.70E-34
579	A05	8717044..9502830	-	C03	23477697..24150742	3.10E-23
829	A05	17753637..19568094	+	C04	26806..3143662	0
830	A05	18353113..19615181	+	C04	39453447..40650426	3.10E-216
831	A05	17769645..18189635	+	C04	38900964..39428485	3.30E-74
832	A05	23275939..23543714	+	C04	18992445..19311017	4.50E-37
833	A05	2790255..3052493	+	C04	38475256..38906303	6.80E-36
834	A05	19758034..20101079	+	C04	22669868..23621800	7.20E-23
840	A05	19820850..21759172	-	C04	3683395..7469282	0
841	A05	21833239..23208305	-	C04	19201735..21825121	0
842	A05	20289850..23204782	-	C04	34712153..37938243	0
843	A05	14486769..15705783	-	C04	16419863..19120215	0
844	A05	19606048..20174893	-	C04	37995152..38624428	1.40E-155
845	A05	17089790..17619140	-	C04	3164394..3935188	1.30E-157
846	A05	14837137..15705783	-	C04	32256661..33475084	9.90E-149
847	A05	4789939..5043057	-	C04	13856851..14294392	6.90E-104
848	A05	17289763..17920904	-	C04	40370252..40858375	1.30E-113
849	A05	11075795..11772647	-	C04	13073262..13891105	2.20E-74
850	A05	23598884..23712181	-	C04	33847391..34182999	4.30E-41
851	A05	14195841..14539899	-	C04	33661029..33885239	7.80E-27
1014	A05	2022902..2742087	+	C05	29596563..30798882	1.90E-303
1015	A05	3037398..3735235	+	C05	27536525..28724462	2.40E-237
1016	A05	3800287..4380117	+	C05	28425446..29589734	2.00E-167
1017	A05	6413509..7042761	+	C05	20973629..22711971	1.00E-134
1018	A05	15744098..15991449	+	C05	25348476..25942438	2.10E-57
1019	A05	10055406..10841787	+	C05	7764249..9142048	9.90E-53
1020	A05	2740587..3013118	+	C05	31410796..31673702	3.10E-53
1021	A05	14567747..15547426	+	C05	2056936..2561236	1.50E-44
1022	A05	8052460..8178253	+	C05	17241103..17463923	4.20E-27
1030	A05	670747..1309656	-	C05	31893584..32710477	0
1031	A05	7077481..7791741	-	C05	19036067..20888226	4.40E-224
1032	A05	1807789..2033581	-	C05	31526112..31982340	5.60E-155
1033	A05	5924029..6376503	-	C05	22715658..23715064	2.30E-151
1034	A05	4405357..4782135	-	C05	26541780..27385560	5.90E-140
1035	A05	5056596..5303739	-	C05	23729364..24814303	5.40E-84
1036	A05	9628664..9777577	-	C05	18321529..18847809	4.60E-25
1037	A05	16526313..16875140	-	C05	621285..842028	1.20E-25
1038	A05	8383367..8646620	-	C05	27334517..27799817	1.70E-23
1039	A05	7981394..8178253	-	C05	18799126..18924274	9.00E-21
1041	A05	17401059..17794555	-	C05	20386..335710	5.80E-23
1251	A05	11909061..12944019	-	C07	18423028..20617416	2.90E-169
1252	A05	22014846..22934498	-	C07	40366622..41068767	1.00E-135
1253	A05	901593..1187244	-	C07	34638524..34903181	8.00E-23
1474	A05	8327537..8720392	+	C06	10892033..11706600	2.10E-62
1475	A05	8533500..9234401	+	C06	12189454..13193600	6.00E-36
1476	A05	8501905..9194465	+	C06	22094863..23015654	3.60E-38
1477	A05	18276104..19196323	+	C06	26671419..27957263	2.40E-30
1487	A05	3180766..4638129	-	C06	19864580..22183727	3.80E-167
1488	A05	13159467..13768645	-	C06	9752149..10681742	5.50E-101
1489	A05	13834223..14149777	-	C06	18830116..19313115	3.10E-74
1490	A05	3411952..3941664	-	C06	9754202..10756149	1.00E-54
1491	A05	8052460..8438583	-	C06	694779..1104520	1.70E-51
1492	A05	13159467..13768645	-	C06	21045524..21657657	2.40E-45
1493	A05	16798922..17743007	-	C06	16065934..17076521	8.10E-46
1494	A05	20783924..21037618	-	C06	15513357..15932029	4.40E-33
1495	A05	7077481..7608479	-	C06	12226866..12992803	4.20E-26
1496	A05	10714606..11478244	-	C06	22698835..24412371	2.80E-25
1715	A05	17764283..19549575	+	C08	30167412..32669086	4.30E-129
1716	A05	15746619..15991449	+	C08	39131890..39527398	6.70E-44
1719	A05	15744098..15991449	-	C08	17695575..18294018	5.90E-169
1720	A05	20594119..21652446	-	C08	27739954..28850160	2.20E-112
1721	A05	17003624..17896966	-	C08	32439364..33433307	2.10E-114
1722	A05	19600099..20144842	-	C08	29193437..30091502	2.10E-53
1723	A05	16082523..16556970	-	C08	14538083..15154808	2.30E-24
1984	A05	2423712..2902536	+	C09	38329980..39083235	2.80E-43
1986	A05	16324838..16922968	-	C09	1003484..1584799	1.50E-78
1987	A05	25267..345094	-	C09	32940495..33863646	7.40E-56
1988	A05	1516503..1746588	-	C09	39340388..39993084	1.20E-21
111	A06	9835441..10990807	+	C01	15023523..17947490	4.70E-32
112	A06	22042023..22286518	+	C01	20639..336777	1.20E-27
113	A06	3801..446366	+	C01	34734589..35643515	1.60E-25
114	A06	21488059..21740516	+	C01	6388139..7115511	5.80E-25
115	A06	21050779..21344478	+	C01	5858746..6239028	5.80E-23
116	A06	2798192..3127360	+	C01	32657354..33713857	5.20E-21
122	A06	23991088..24590658	-	C01	15913121..17003310	6.10E-36
123	A06	23260536..23769732	-	C01	17239053..18030336	7.20E-34
124	A06	22835551..22946374	-	C01	7228289..7555920	3.90E-29
125	A06	17716903..18160618	-	C01	38362657..38750671	3.50E-30
126	A06	2360756..2901883	-	C01	28810172..30107899	5.10E-26
127	A06	1637769..1920635	-	C01	31170173..31955337	9.20E-24
128	A06	12030588..12482528	-	C01	3296749..3816872	2.10E-23
130	A06	4989584..5388940	-	C01	20244005..22031136	3.10E-24
293	A06	18253952..20030802	+	C02	36466493..40300889	0
294	A06	16155330..17314043	+	C02	41136596..42261835	1.80E-95
295	A06	7140622..8682838	+	C02	17155797..19572301	2.60E-82
296	A06	22419144..22941978	+	C02	27667083..29533757	5.80E-48
298	A06	6787996..7043550	+	C02	33873063..34967425	2.30E-24
303	A06	20078359..21238701	-	C02	32283719..35712443	0
304	A06	11498347..12603803	-	C02	42613211..44030988	1.70E-166
305	A06	17716903..18311848	-	C02	40147878..41118315	2.50E-138
306	A06	21346508..21936018	-	C02	29324679..32074768	1.60E-123
307	A06	12810860..13209498	-	C02	42227769..42794280	2.00E-62
308	A06	22704260..22837047	-	C02	376485..920949	6.80E-47
309	A06	5500476..5991757	-	C02	15709090..17128243	6.40E-60
584	A06	16433459..16873496	+	C03	41746935..43054848	2.70E-64
585	A06	3801..377267	+	C03	56868535..57754095	3.00E-54
586	A06	21973038..22286518	+	C03	45893229..46545662	6.60E-35
587	A06	23262190..23615838	+	C03	31103526..31634172	5.10E-29
588	A06	2752143..3174397	+	C03	55554488..56280275	6.30E-28
589	A06	512173..723350	+	C03	56359554..56871947	2.60E-21
599	A06	15941212..16575459	-	C03	29881399..31054103	4.6e-313
600	A06	17188920..17719722	-	C03	28724136..29835438	7.80E-191
601	A06	24336555..24961468	-	C03	38950224..40121817	1.40E-168
602	A06	25786768..26192401	-	C03	34222912..35545034	3.80E-83
603	A06	10821122..11101001	-	C03	31085825..31634172	1.40E-68
604	A06	25101151..25406795	-	C03	35480497..36299190	2.80E-52
605	A06	9446998..10243736	-	C03	40725944..42164541	6.20E-42
606	A06	22835551..22946374	-	C03	49841816..50065365	2.40E-22
607	A06	21434747..21809370	-	C03	48048763..49455027	4.90E-31
608	A06	21700865..22237903	-	C03	28037437..29306466	5.60E-26
609	A06	52274..449870	-	C03	20937524..21444509	5.70E-21
860	A06	3199243..3502379	+	C04	7445597..7856297	1.70E-26
861	A06	22176146..22399683	+	C04	10980911..12338467	1.10E-27
862	A06	19595769..20022947	+	C04	24345875..25221187	2.30E-22
1046	A06	4371111..5483120	+	C05	24736736..26272250	0
1047	A06	7132257..8760265	+	C05	14182880..16686824	0
1048	A06	22957638..23246524	+	C05	16699459..17177362	4.00E-79
1049	A06	2798192..3179428	+	C05	27311956..28176500	6.80E-40
1050	A06	20183979..20871755	+	C05	5034477..5678643	1.50E-29
1051	A06	3801..670903	+	C05	28846885..29822095	1.20E-27
1052	A06	688374..783068	+	C05	26134919..26306657	7.30E-23
1056	A06	5682306..7133535	-	C05	5080555..8235689	0
1057	A06	784034..1403883	-	C05	2550053..3365448	0
1058	A06	3742347..4245057	-	C05	3354166..4241533	7.00E-254
1059	A06	5409630..5770021	-	C05	13735892..14290867	2.00E-178
1060	A06	14988295..15745139	-	C05	12309640..13400056	2.40E-104
1061	A06	15001876..15946526	-	C05	8722467..10248806	1.00E-51
1062	A06	22511901..22827920	-	C05	926300..1161081	2.60E-25
1256	A06	18253952..20050081	+	C07	30958905..34514846	0
1257	A06	21638354..21893530	+	C07	24038371..25038387	3.80E-78
1258	A06	17173858..17693116	+	C07	8935038..12457649	9.90E-53
1259	A06	20959509..21411519	+	C07	38920392..39414838	3.00E-38
1260	A06	22839581..23101718	+	C07	26942510..27723382	1.10E-37
1261	A06	21537070..21936018	+	C07	41033300..41847384	3.60E-26
1262	A06	23247913..24017975	+	C07	35885628..36777587	1.30E-22
1272	A06	20059756..21626015	-	C07	27587084..30925263	0
1273	A06	11227872..12854052	-	C07	35067783..36747987	0
1274	A06	17891495..18311848	-	C07	34382947..34989793	7.50E-260
1275	A06	22002507..22297299	-	C07	47954177..48344214	7.20E-127
1276	A06	22378908..22584739	-	C07	3570..656878	7.00E-79
1277	A06	1365935..1868667	-	C07	18654457..19888135	2.60E-35
1278	A06	22833716..23016712	-	C07	41692325..41889572	3.30E-21
1504	A06	1353642..1718711	+	C06	39658301..40659863	7.40E-81
1505	A06	5409630..5991757	+	C06	3356231..4226535	2.00E-53
1506	A06	3801..574469	+	C06	18377346..19096590	1.10E-50
1507	A06	11139601..11221487	+	C06	27956532..28134287	7.10E-23
1509	A06	23896164..24432131	+	C06	16953099..18049954	1.70E-21
1513	A06	3801..586897	-	C06	19774483..20828181	1.00E-206
1514	A06	2485865..2928710	-	C06	12189454..13193600	8.00E-182
1515	A06	7544746..8749461	-	C06	1401118..2462610	7.60E-187
1516	A06	7138737..8682838	-	C06	31472334..33155420	6.40E-167
1517	A06	2237156..2472723	-	C06	24534286..25384509	2.30E-131
1518	A06	2936495..3186475	-	C06	21597884..22377629	4.80E-126
1519	A06	1723815..2068398	-	C06	25389765..26474856	4.20E-125
1520	A06	484284..731154	-	C06	20779398..21575582	1.00E-120
1521	A06	25442715..25752058	-	C06	16929995..17634919	2.50E-112
1522	A06	6015575..6454817	-	C06	2001..759450	7.20E-125
1523	A06	2569516..3157123	-	C06	10668773..11936054	5.00E-82
1524	A06	14197191..14424383	-	C06	17699140..18049954	2.00E-65
1525	A06	6015575..6768519	-	C06	29953865..31308146	3.20E-80
1526	A06	2089488..2333122	-	C06	13067029..13694239	1.00E-65
1527	A06	7132257..7545649	-	C06	2944597..3357686	3.30E-53
1528	A06	484284..712796	-	C06	9674200..10608602	6.30E-51
1730	A06	5500476..7111751	+	C08	36615473..37870754	1.20E-285
1731	A06	4371111..5483120	+	C08	38746165..39767403	7.30E-136
1732	A06	602720..1343634	+	C08	39697720..40164527	9.10E-98
1733	A06	3956195..4559183	+	C08	18341245..19015662	1.50E-75
1734	A06	10462204..11083248	+	C08	23820989..24818679	7.70E-58
1735	A06	7132257..7563425	+	C08	20809174..21268736	5.60E-54
1736	A06	3515842..3902162	+	C08	37871159..38224240	4.00E-50
1737	A06	8232565..8682838	+	C08	21556685..21922281	2.10E-50
1738	A06	934455..1333461	+	C08	1001840..1355506	1.90E-33
1739	A06	1419335..2039096	+	C08	7908132..10406090	5.90E-29
1740	A06	11383399..12105276	+	C08	24140085..24827599	2.50E-24
1750	A06	23247913..24137203	-	C08	23621621..24827599	4.7e-313
1751	A06	4798097..5709861	-	C08	16679118..18299207	8.50E-248
1752	A06	6310932..7111751	-	C08	19267731..19907728	2.00E-168
1753	A06	3903299..4626316	-	C08	38064110..38869519	2.40E-148
1754	A06	746631..1074713	-	C08	16290549..17296760	3.70E-100
1755	A06	5360999..5914406	-	C08	20493552..21006082	5.20E-100
1756	A06	5938056..6191286	-	C08	19739236..20083108	5.70E-79
1757	A06	7138737..7596044	-	C08	36203949..36558303	4.00E-72
1758	A06	20004369..20866361	-	C08	37545175..38185802	2.80E-77
1759	A06	7587745..8160779	-	C08	22001395..22464430	5.50E-67
1760	A06	21898310..22239560	-	C08	35524864..36150382	2.40E-55
1761	A06	3555487..3902162	-	C08	19030525..19267226	1.50E-36
1762	A06	16982356..17156213	-	C08	23067..153211	3.40E-32
1763	A06	3243118..3502379	-	C08	27929745..28179238	1.30E-22
1995	A06	18736132..20022947	+	C09	1737464..2502086	5.00E-132
1996	A06	11227872..12577616	+	C09	4093099..5022761	2.00E-135
1997	A06	18253952..18747686	+	C09	10257755..11159595	2.40E-47
2005	A06	12491617..13375905	-	C09	2886484..3724265	2.40E-227
2006	A06	20429831..21105022	-	C09	8901913..9842684	8.80E-135
2007	A06	21241153..21893530	-	C09	6451403..8499952	1.60E-118
2008	A06	17506192..18311848	-	C09	2463814..2906100	3.00E-117
2009	A06	12083982..12611013	-	C09	36182006..36862619	2.30E-48
2010	A06	15834368..16274876	-	C09	37404289..37600680	4.50E-29
137	A07	7171993..8259055	-	C01	25569123..27176068	2.50E-121
138	A07	19562258..20177852	-	C01	792999..1596104	5.90E-28
139	A07	22476799..23085816	-	C01	3326779..3653320	5.40E-24
140	A07	2496379..2788098	-	C01	730131..1078284	1.10E-22
313	A07	18015082..18615072	+	C02	12127295..13907861	6.40E-87
314	A07	2964084..3895528	+	C02	18277712..20684858	1.80E-39
315	A07	17658976..17895036	+	C02	11418207..12074809	5.20E-36
318	A07	19094330..21003544	-	C02	14860422..19452577	0
319	A07	14932002..15997355	-	C02	14012380..18360402	3.50E-296
320	A07	11187191..11559032	-	C02	2571819..3032427	2.60E-245
321	A07	14297177..14912151	-	C02	18552559..20859108	5.00E-139
322	A07	16284617..16834250	-	C02	11515988..13225160	8.70E-87
323	A07	18621761..18955514	-	C02	19642748..20605956	7.50E-58
324	A07	21175411..21350721	-	C02	13986519..14557392	2.90E-48
325	A07	2312968..2771066	-	C02	42081440..42286250	1.70E-41
326	A07	4956496..5424555	-	C02	11418207..12835805	9.80E-33
327	A07	3862523..4242414	-	C02	14012380..15529190	9.00E-29
328	A07	16236710..16595373	-	C02	13224027..13924116	1.80E-28
329	A07	10622154..10879776	-	C02	38083350..38953030	2.90E-24
619	A07	5548657..6795913	+	C03	43737169..45630753	1.00E-100
620	A07	7171993..9662044	+	C03	25161742..27330783	1.20E-86
621	A07	4445219..5071790	+	C03	39684679..40637539	2.00E-29
622	A07	13108783..13420313	+	C03	12859374..13578639	8.50E-21
633	A07	11310045..11557047	-	C03	1742316..1974904	8.80E-53
634	A07	5070441..5356200	-	C03	43145314..43835034	1.40E-53
871	A07	17630694..17994284	+	C04	10035600..10816426	1.30E-46
872	A07	1081313..1368959	+	C04	15623758..16254189	7.80E-39
873	A07	1863679..2108547	+	C04	10881455..11434055	4.20E-32
874	A07	13108783..13367018	+	C04	1798402..3132955	2.00E-36
875	A07	13532643..13812325	+	C04	14470782..15167070	3.30E-33
876	A07	13108783..13363435	+	C04	39979238..40489850	1.70E-25
877	A07	11495335..11726717	+	C04	4535069..5136293	1.00E-20
888	A07	1081313..2011461	-	C04	30146190..32100648	7.90E-195
889	A07	16478276..16882670	-	C04	10035600..10984000	6.60E-133
890	A07	12345974..13023529	-	C04	8470673..10010034	1.90E-122
891	A07	11887286..12372717	-	C04	21916455..24012368	2.00E-81
892	A07	10184605..10503937	-	C04	24497050..25809518	6.30E-66
893	A07	11095320..11327022	-	C04	7052180..7809098	1.30E-26
1071	A07	2818606..3971187	+	C05	14919889..17732438	5.70E-160
1072	A07	13627973..14298866	+	C05	5678233..6723753	3.60E-39
1078	A07	18712280..20284130	-	C05	14069096..17459546	0
1079	A07	21964570..22663868	-	C05	5799169..6991595	4.80E-156
1080	A07	14936235..15532429	-	C05	13416536..15205566	1.20E-96
1081	A07	6157263..6827593	-	C05	10794425..12301290	7.60E-66
1082	A07	14535688..14855933	-	C05	15948342..16898944	5.20E-42
1287	A07	5314206..6728793	+	C07	16026183..18389706	2.90E-260
1288	A07	2103175..2684817	+	C07	613462..1749656	3.30E-160
1289	A07	5322137..5487311	+	C07	3869063..4234755	6.90E-24
1295	A07	4019583..5324176	-	C07	20489907..23992051	0
1296	A07	8817891..9848845	-	C07	4303825..6881871	1.00E-219
1297	A07	8160283..8603358	-	C07	2811326..3604441	8.20E-93
1298	A07	2035..334393	-	C07	6843598..8042565	3.00E-69
1299	A07	9958935..10170579	-	C07	10915768..11448269	2.00E-29
1300	A07	18056589..18584987	-	C07	30490678..31914408	7.20E-36
1301	A07	21052897..21505706	-	C07	23337504..24062700	2.50E-33
1302	A07	10694268..10816874	-	C07	32489623..32815277	9.40E-25
1303	A07	15808666..16061155	-	C07	23340838..24376324	3.10E-26
1536	A07	18621761..19902363	+	C06	834731..2462610	0
1537	A07	14604452..15854962	+	C06	31422251..34532087	0
1538	A07	19901517..20748155	+	C06	2944597..4226535	0
1539	A07	18971103..21114345	+	C06	31382655..34740882	1.7e-318
1540	A07	13749773..14414490	+	C06	29953865..31384453	1.70E-248
1541	A07	13994362..14855933	+	C06	2912..1854112	2.10E-209
1542	A07	21048330..21776423	+	C06	4204117..5347428	2.90E-195
1543	A07	15112395..15692006	+	C06	2949082..4226535	1.20E-137
1544	A07	12793004..13206139	+	C06	26903207..27957263	2.40E-136
1545	A07	13299960..13738585	+	C06	15877177..16892368	3.40E-132
1546	A07	15966226..16431508	+	C06	34591186..35824044	4.00E-129
1547	A07	16190924..16729232	+	C06	7048411..8644772	5.60E-105
1548	A07	17586735..17831758	+	C06	2414936..2930879	3.20E-73
1549	A07	11564105..11788732	+	C06	15459907..16067330	9.10E-67
1550	A07	21268315..21811860	+	C06	34565514..35214006	9.80E-46
1551	A07	15873667..16191652	+	C06	4204117..5255742	3.70E-46
1552	A07	14874245..15217639	+	C06	1974136..2504081	5.00E-40
1553	A07	1105452..1988468	+	C06	5276247..6059252	3.10E-39
1554	A07	12405701..12548345	+	C06	26516420..26876706	1.30E-26
1561	A07	21902566..22533512	-	C06	2912..828996	0
1562	A07	17832928..18615072	-	C06	7194910..8644772	0
1563	A07	16888237..17496272	-	C06	8430786..9634181	6.90E-266
1564	A07	21958866..22695233	-	C06	30006576..31362465	6.30E-268
1565	A07	11797460..12053192	-	C06	28990094..29924973	2.30E-112
1566	A07	12478787..12797086	-	C06	28471982..29201801	8.40E-107
1567	A07	2964084..3685212	-	C06	1260104..2146377	2.80E-89
1568	A07	18208020..18610771	-	C06	35241220..35824044	2.70E-56
1569	A07	3621399..3895528	-	C06	766229..1182425	2.10E-45
1570	A07	2853319..3685212	-	C06	31382655..32366610	4.70E-48
1571	A07	16753986..16879618	-	C06	2474017..2930879	1.00E-20
1767	A07	11564105..13909451	+	C08	28267724..33741580	0
1768	A07	19868826..20748155	+	C08	36209518..36957712	2.40E-49
1769	A07	22141633..22616500	+	C08	37083395..37434005	3.30E-39
1770	A07	3002685..3492742	+	C08	21174904..21922281	6.40E-39
1771	A07	11095320..11246808	+	C08	27974011..28313221	1.10E-22
1781	A07	7104809..7926793	-	C08	24836083..26584307	8.10E-216
1782	A07	19796700..20253397	-	C08	20776468..21462696	6.30E-59
1783	A07	7913038..8127560	-	C08	23286761..23767993	1.60E-44
1784	A07	19066660..19427880	-	C08	21582862..22045991	1.80E-47
1785	A07	2929002..3202660	-	C08	22001395..22274767	2.10E-38
1786	A07	484167..932792	-	C08	35948770..36137305	8.70E-37
1787	A07	4280295..4825190	-	C08	22435963..23078853	2.50E-36
1788	A07	13917648..14210136	-	C08	37221854..37434005	9.30E-32
1789	A07	2403189..2792103	-	C08	26701318..27521751	4.80E-33
1790	A07	14669304..14997339	-	C08	21132379..22045991	5.60E-30
1791	A07	15109307..15472586	-	C08	20615182..21266945	3.90E-26
1792	A07	20329902..20625704	-	C08	20493552..20645666	2.50E-23
2021	A07	11187191..11559032	+	C09	36545232..37535208	1.20E-78
2022	A07	728035..929853	+	C09	20937150..21835170	6.60E-53
2026	A07	2136384..2758745	-	C09	4799202..5538394	6.50E-145
145	A08	4009191..4992264	+	C01	3592651..5859156	1.60E-194
146	A08	9002105..9425418	+	C01	33839704..34694012	2.20E-87
147	A08	5605880..5812689	+	C01	1523233..1877578	7.40E-32
148	A08	9612744..10132177	+	C01	7240130..8141633	1.20E-36
149	A08	11805231..12406486	+	C01	23308538..25154223	3.90E-24
155	A08	5903069..6942262	-	C01	12363..1525787	0
156	A08	8419255..9414860	-	C01	1892437..3150322	0
157	A08	10118463..11165023	-	C01	5858746..7789285	2.00E-205
158	A08	9489694..9890591	-	C01	8135442..9589744	5.20E-100
159	A08	5356637..5796752	-	C01	10617318..11949007	2.60E-107
160	A08	11805231..12107991	-	C01	18760638..19461552	1.20E-57
161	A08	13825021..14008331	-	C01	3188926..3513016	4.10E-48
162	A08	16000036..16754842	-	C01	30315377..31635754	1.10E-46
163	A08	18329323..18868352	-	C01	34734589..35520786	8.70E-35
164	A08	5172878..5285132	-	C01	12904339..13300717	7.90E-33
165	A08	6690178..7084586	-	C01	1880451..2286263	9.30E-26
336	A08	16667654..16939274	+	C02	21343047..21816552	7.80E-55
340	A08	17402868..17543739	-	C02	33672465..34166490	3.20E-71
341	A08	2334160..2866262	-	C02	16467816..18683313	1.30E-72
342	A08	1852719..2272763	-	C02	18935599..20684858	9.80E-39
343	A08	14019597..14119546	-	C02	4189202..4301536	4.90E-22
344	A08	2894093..2988508	-	C02	15709090..16295226	1.60E-22
642	A08	3909915..4704238	+	C03	53766885..55163450	1.50E-190
643	A08	10330002..10904032	+	C03	47939840..49331226	3.90E-96
644	A08	8051473..8271248	+	C03	43131775..43835034	4.20E-70
645	A08	5593791..5779064	+	C03	49219578..49593817	3.60E-41
655	A08	6070921..7919442	-	C03	43707783..47772126	0
656	A08	18333897..19451122	-	C03	55959697..57771693	0
657	A08	9489694..10333266	-	C03	49657081..51579430	7.90E-278
658	A08	8412650..8739372	-	C03	52960962..53549739	2.00E-136
659	A08	8265536..8415562	-	C03	40316727..40642783	3.80E-75
660	A08	13662694..14013858	-	C03	53546488..54018579	4.40E-63
661	A08	17334698..17650939	-	C03	56868535..57723745	7.60E-35
662	A08	1339634..1531823	-	C03	39908906..40255278	2.30E-24
901	A08	7124540..7836645	-	C04	20262307..21234643	3.00E-64
902	A08	7210675..7674123	-	C04	35304399..35810059	5.70E-37
903	A08	12360760..12980566	-	C04	27195450..28178715	1.50E-23
1088	A08	538702..1190214	+	C05	1746482..3365448	5.50E-207
1089	A08	80220..525459	+	C05	519329..1605156	2.60E-156
1090	A08	7087384..7462123	+	C05	10837662..12301290	5.20E-72
1091	A08	3455707..3775416	+	C05	3356198..3961539	3.80E-41
1092	A08	3787381..3997755	+	C05	24991074..25298436	1.20E-23
1098	A08	1888770..2871761	-	C05	13735892..17408196	0
1099	A08	2923556..3324860	-	C05	5045308..7128562	3.80E-287
1100	A08	1164245..1333262	-	C05	25986305..26557796	1.90E-93
1101	A08	18163486..18963138	-	C05	28778329..30025537	6.40E-72
1102	A08	19114192..19422784	-	C05	27794702..28395975	1.40E-32
1318	A08	8423071..8917377	+	C07	46392159..46839490	1.40E-76
1319	A08	5605880..6406759	+	C07	47077689..47900089	1.50E-67
1320	A08	1352945..1819653	+	C07	22323651..23977992	1.40E-66
1321	A08	6522352..6978832	+	C07	47847748..48339061	5.50E-53
1322	A08	8092286..8411463	+	C07	21135812..22250208	4.40E-38
1332	A08	3942692..5662708	-	C07	43412797..46336729	0
1333	A08	7197110..8083264	-	C07	16026183..18389706	1.40E-284
1334	A08	10118463..10877695	-	C07	41033300..41953599	7.60E-117
1335	A08	7933460..8045821	-	C07	3929977..4248630	4.30E-64
1336	A08	17645724..18077813	-	C07	38145839..38582460	1.30E-53
1337	A08	9423462..9890591	-	C07	42089438..43067676	2.20E-57
1338	A08	10930778..11398196	-	C07	38801162..39436283	2.90E-47
1339	A08	17162643..17516368	-	C07	29516882..30058734	2.20E-39
1340	A08	14969691..16168807	-	C07	18381853..20303400	2.50E-32
1341	A08	5605880..5812689	-	C07	47045217..47255948	3.60E-23
1578	A08	18160589..19427861	+	C06	19717869..22113791	2.00E-110
1579	A08	1852719..2468415	+	C06	766229..2285457	3.70E-82
1580	A08	2097326..2988508	+	C06	31441768..34193489	2.10E-62
1581	A08	2515576..2988508	+	C06	2944597..4226535	1.60E-50
1582	A08	11077112..11414470	+	C06	6047293..6949410	3.70E-52
1583	A08	14543939..15962959	+	C06	37716436..40521319	4.70E-46
1584	A08	18839420..19427861	+	C06	9661697..10953577	5.40E-27
1588	A08	18107716..18939938	-	C06	18295989..19160557	4.30E-97
1589	A08	16009009..16541549	-	C06	25389765..26455313	5.20E-44
1590	A08	17091944..17330925	-	C06	12210815..12767750	1.10E-36
1591	A08	17556791..17650939	-	C06	18377346..18635828	1.00E-28
1592	A08	16542443..16751378	-	C06	13031381..13659263	2.90E-29
1593	A08	1372976..1501237	-	C06	7100458..7559340	1.20E-26
1804	A08	2502719..3989851	+	C08	36226173..39098816	3.50E-297
1805	A08	979464..1333262	+	C08	16527338..17675778	9.90E-151
1806	A08	15487254..16202645	+	C08	7806111..9363738	6.40E-87
1807	A08	1396548..1687577	+	C08	22369977..23076627	8.60E-76
1808	A08	2199566..2475933	+	C08	21790494..22274767	1.60E-61
1809	A08	16167334..16590827	+	C08	236464..1086135	2.70E-44
1810	A08	6058068..6989517	+	C08	34611666..35919966	9.70E-48
1811	A08	14146545..14791826	+	C08	6744135..8108538	2.20E-45
1812	A08	11523297..11790105	+	C08	9246560..10288098	1.10E-25
1813	A08	13277829..13666196	+	C08	11325054..11908611	3.20E-25
1816	A08	194760..1053784	-	C08	874736..3042680	0
1817	A08	2936949..3762777	-	C08	18308365..20158534	0
1818	A08	2498163..2926216	-	C08	20493552..21271335	3.9e-315
1819	A08	4721046..5216348	-	C08	15368513..16443660	1.10E-206
1820	A08	801767..1333262	-	C08	39643236..40235174	3.10E-146
1821	A08	19249..746801	-	C08	40042962..41225687	2.70E-134
1822	A08	17706913..18145104	-	C08	12701861..14052746	9.50E-98
1823	A08	2109335..2411961	-	C08	21174904..21922281	2.90E-95
1824	A08	12454006..13317026	-	C08	3329448..6326148	2.10E-88
1825	A08	12172920..12416097	-	C08	12246730..12729550	5.10E-48
1826	A08	5547979..5637983	-	C08	15154494..15369992	2.40E-37
1827	A08	13399177..13807248	-	C08	11194305..12032976	8.20E-39
2034	A08	14019597..14125821	+	C09	32039252..32217442	7.50E-38
171	A09	15466454..16093472	+	C01	1201223..2104238	1.40E-38
172	A09	14954195..15456043	+	C01	3269215..4168888	3.90E-38
173	A09	4877426..5218269	+	C01	10858..244257	7.70E-24
185	A09	32486284..33945408	-	C01	7437801..8994406	3.60E-106
186	A09	30274059..31263929	-	C01	20274073..22464861	2.30E-67
187	A09	26953886..27334179	-	C01	22479629..23538707	2.50E-27
188	A09	18352965..18844269	-	C01	1185615..1891717	1.90E-28
347	A09	9226386..9717946	+	C02	41656315..42286250	2.50E-58
348	A09	25225860..26315966	+	C02	27941378..30732210	1.00E-42
349	A09	3888857..4228443	+	C02	15034973..16741220	3.80E-24
360	A09	28432281..29294698	-	C02	33488815..35657148	5.30E-145
361	A09	6946405..7492294	-	C02	39294134..41209105	7.60E-142
362	A09	6427668..6753438	-	C02	38362268..39458514	3.90E-88
363	A09	8107708..8301994	-	C02	42486051..42780994	2.80E-44
364	A09	29293814..29484145	-	C02	32417411..32858300	1.30E-34
365	A09	32194386..32501234	-	C02	35985630..36823810	2.10E-38
366	A09	28044249..28421932	-	C02	36343114..37070797	1.10E-31
367	A09	7804229..7945669	-	C02	42997976..43522929	5.50E-29
368	A09	29727598..30509924	-	C02	30451587..32001405	2.40E-34
369	A09	5879720..6046943	-	C02	24013498..24479562	8.90E-26
668	A09	33625351..34848967	+	C03	44558246..45782742	1.90E-97
669	A09	13207547..14602505	+	C03	12208805..14010322	3.30E-73
670	A09	32314017..33579708	+	C03	17185827..17873007	1.80E-67
671	A09	21725957..22850054	+	C03	43718915..44761567	4.10E-66
672	A09	5803134..6365205	+	C03	18363128..19130815	7.80E-56
673	A09	10284578..11176845	+	C03	8884096..9884630	3.60E-40
674	A09	20380492..21162092	+	C03	39908906..40648922	4.30E-41
675	A09	4711174..5223726	+	C03	45874901..46866351	4.60E-35
676	A09	11334128..12137436	+	C03	10502925..11177086	3.90E-25
692	A09	5385057..5753806	-	C03	19163300..19622269	4.60E-107
693	A09	27403533..27751975	-	C03	52269279..52939413	3.70E-103
694	A09	9070132..9539186	-	C03	29404190..30958019	3.70E-110
695	A09	30939500..31382653	-	C03	51577727..52251920	3.90E-74
696	A09	15470608..15993424	-	C03	28270672..29651734	1.90E-70
697	A09	21046628..21542000	-	C03	43131775..43835034	4.40E-55
698	A09	29932349..30512082	-	C03	48355649..49423692	2.10E-26
699	A09	1347830..1619252	-	C03	33950815..36299190	5.10E-22
908	A09	12250169..14575172	+	C04	34509..3935188	2.60E-162
909	A09	13179624..14472702	+	C04	39453447..40858375	1.20E-106
910	A09	14393486..14836280	+	C04	14365044..15221982	3.60E-77
911	A09	10363014..11093137	+	C04	3917811..5358645	5.80E-53
912	A09	10284578..11183378	+	C04	36466488..37499835	6.10E-38
913	A09	11617294..12253370	+	C04	38057067..38673847	5.40E-33
914	A09	12270082..12793029	+	C04	38913855..39428485	9.00E-27
915	A09	4872322..5135897	+	C04	29245931..29679603	4.50E-28
916	A09	33682621..34782443	+	C04	20698366..21423286	1.10E-25
917	A09	33625351..34784802	+	C04	35483488..35924667	5.70E-26
923	A09	11625941..12575344	-	C04	21916455..23737811	2.00E-221
924	A09	12543831..13419898	-	C04	8470673..10010034	2.80E-201
925	A09	10088049..10785356	-	C04	7093486..8593569	2.30E-136
926	A09	1175153..1329794	-	C04	16927595..18124972	3.40E-23
930	A09	1169890..1359703	-	C04	32676724..33281880	6.30E-21
1108	A09	1175153..1754984	+	C05	2312324..3331138	1.10E-152
1109	A09	4146452..4572882	+	C05	13735892..14968809	3.10E-82
1110	A09	20114747..20292420	+	C05	17650126..18059222	1.30E-44
1111	A09	3728641..3966665	+	C05	3356198..3871523	1.30E-37
1112	A09	5465524..5782360	+	C05	12402..359334	1.90E-21
1121	A09	6825..1073441	-	C05	1002..2291149	0
1122	A09	2431805..3214213	-	C05	5034477..7048613	0
1123	A09	33863028..34697836	-	C05	10804885..12301290	1.80E-208
1124	A09	24121347..25005418	-	C05	9140497..10794934	2.80E-180
1125	A09	1777452..2077156	-	C05	25518352..26276845	3.40E-132
1126	A09	5792893..6491790	-	C05	274190..838557	2.90E-50
1127	A09	24204545..24721879	-	C05	12355730..13786129	2.10E-36
1128	A09	3319527..3500581	-	C05	3962888..4241533	5.30E-33
1347	A09	21495357..22436260	+	C07	16012970..17219235	1.20E-96
1348	A09	33625351..34380807	+	C07	17304914..18389706	2.30E-50
1349	A09	9754142..10434121	+	C07	37660530..38071753	4.40E-49
1350	A09	3020994..3362580	+	C07	29876952..30989947	2.40E-33
1351	A09	34807195..35080044	+	C07	10138394..10786276	2.10E-30
1352	A09	15562020..15993424	+	C07	11492537..14158415	2.00E-31
1353	A09	16406650..16577759	+	C07	7027182..8518335	8.90E-30
1354	A09	29069214..30023136	+	C07	38893500..39414838	1.60E-28
1355	A09	15456915..15614651	+	C07	10138394..11221314	3.40E-21
1357	A09	18799880..19358210	+	C07	37397440..37724698	6.90E-21
1371	A09	19299139..20745241	-	C07	22319684..24221646	5.00E-246
1372	A09	29165490..30325506	-	C07	27310921..29471524	1.50E-235
1373	A09	7725142..8129994	-	C07	35067783..36145232	2.00E-185
1374	A09	27867810..28733000	-	C07	30243097..32091658	6.10E-168
1375	A09	6919936..7371905	-	C07	33965676..35286560	6.20E-169
1376	A09	6365277..6751074	-	C07	32541733..34098976	7.90E-143
1377	A09	9535603..9846111	-	C07	660890..1690268	1.20E-120
1378	A09	20874104..21514040	-	C07	20489907..21791253	1.80E-77
1379	A09	8782283..8985771	-	C07	36834487..37439033	1.70E-75
1380	A09	14893952..15555066	-	C07	45881959..46569669	1.70E-63
1381	A09	4910426..5211359	-	C07	48057308..48289780	8.10E-47
1382	A09	15466454..15844691	-	C07	47041038..47408657	1.90E-42
1383	A09	28869840..29159227	-	C07	29557424..29915889	7.50E-33
1384	A09	4570337..4714377	-	C07	7226852..8055363	1.10E-27
1385	A09	19022150..19361782	-	C07	1197500..1747316	2.10E-25
1386	A09	31926831..32367237	-	C07	8443998..10100569	1.20E-32
1387	A09	32022412..32792028	-	C07	42294492..43067676	4.20E-30
1388	A09	25756269..26249494	-	C07	41381270..41887750	8.70E-27
1389	A09	18489060..18725445	-	C07	10404912..11801307	5.20E-24
1390	A09	25893954..26277958	-	C07	24265366..25262627	6.20E-24
1392	A09	17155548..17920104	-	C07	42842768..43444475	3.10E-24
1603	A09	13101380..13920789	+	C06	26903207..28134287	7.80E-100
1604	A09	13988368..14836280	+	C06	15585103..16868810	8.90E-82
1605	A09	19597984..20394745	+	C06	4201241..5223016	1.50E-56
1606	A09	8326066..8577147	+	C06	16946862..17927816	2.10E-56
1607	A09	10781750..11184546	+	C06	15459907..16067330	4.20E-46
1613	A09	11202032..11808244	-	C06	28991760..29924973	4.70E-107
1614	A09	3929405..4572882	-	C06	32363735..34243213	1.40E-61
1615	A09	2463329..2864531	-	C06	30202821..31308146	3.20E-53
1616	A09	2463329..2746972	-	C06	47325..759450	2.20E-54
1617	A09	12867616..13111238	-	C06	28665986..29122535	1.70E-35
1618	A09	4332997..4541012	-	C06	2767960..3191217	6.90E-23
1831	A09	10065156..15472209	+	C08	27373536..34472409	0
1832	A09	2431805..3966665	+	C08	36906720..38791057	0
1833	A09	46974..1157517	+	C08	40113289..41476458	0
1834	A09	18799880..19329668	+	C08	26338160..27362354	5.20E-69
1835	A09	4062401..4532946	+	C08	20514042..21266945	1.50E-64
1836	A09	69938..613733	+	C08	1922202..3040620	6.70E-70
1837	A09	31840610..32041135	+	C08	35182743..35444968	1.80E-56
1838	A09	1797368..2139715	+	C08	17482713..18286435	2.70E-48
1839	A09	2045293..2216917	+	C08	38928810..39231776	2.50E-43
1840	A09	1597513..1754984	+	C08	16527338..17222475	3.90E-30
1841	A09	30492859..31463777	+	C08	39321737..39975121	6.60E-26
1852	A09	3964911..5296599	-	C08	35446303..36957712	0
1853	A09	1347830..2092640	-	C08	39238707..40235174	0
1854	A09	2440918..3966665	-	C08	18355656..19966134	0
1855	A09	7206614..7830755	-	C08	34086893..35195467	1.90E-186
1856	A09	1175153..1595824	-	C08	1162993..1844733	7.10E-104
1857	A09	2240419..2425958	-	C08	38818391..39098816	3.60E-88
1858	A09	20009759..20644400	-	C08	22369977..23078853	1.30E-88
1859	A09	9287101..9483066	-	C08	11789..451529	5.00E-59
1860	A09	17912014..18346326	-	C08	34829730..35195467	8.20E-56
1862	A09	31150957..31708720	-	C08	17025073..17574194	7.40E-24
2045	A09	9495578..10031613	+	C09	4799202..5866942	4.30E-193
2046	A09	5320693..5782360	+	C09	17122..547605	3.50E-182
2047	A09	8751578..8985771	+	C09	3639352..4066558	2.80E-76
2048	A09	7722370..7951360	+	C09	4434047..5026702	5.90E-63
2049	A09	26816500..27453657	+	C09	33830524..34969803	1.70E-59
2050	A09	25904734..26319497	+	C09	6447549..7287126	2.60E-36
2057	A09	6772372..7415554	-	C09	2211386..3112657	0
2058	A09	28783834..30559997	-	C09	7008237..9980045	0
2059	A09	32509649..33588598	-	C09	11231312..12867288	0
2060	A09	5721051..6385860	-	C09	576097..1420517	0
2061	A09	7722370..8314838	-	C09	3125539..3940459	3.40E-288
2062	A09	6332889..6755268	-	C09	1903988..2445219	2.00E-188
2063	A09	27867810..28561850	-	C09	9989134..11159595	3.40E-166
2064	A09	22647828..22918239	-	C09	13737290..14284392	1.40E-50
2065	A09	15897901..15993424	-	C09	6249750..6419047	2.10E-46
2066	A09	7801887..7993657	-	C09	36133898..36820456	8.30E-23
198	A10	9475493..11621884	+	C01	11854750..14004199	1.10E-90
199	A10	4330802..4888598	+	C01	37419658..37771661	9.00E-27
200	A10	6656108..6825021	+	C01	33443792..33811462	2.40E-24
201	A10	3700698..4064885	+	C01	36954300..37283681	2.90E-23
205	A10	2478744..2985115	-	C01	36102369..36903356	1.80E-65
206	A10	5663218..6238427	-	C01	1523233..1879018	4.70E-37
208	A10	4866734..5488988	-	C01	1912807..2356873	4.30E-21
380	A10	6145708..10195845	+	C02	4322905..10141266	0
381	A10	2414874..3693243	+	C02	1725431..2631416	1.90E-137
382	A10	10530277..11395766	+	C02	10097686..11309924	7.30E-88
386	A10	10299..881157	-	C02	3260082..4171696	0
387	A10	1680634..2370845	-	C02	2634085..3252702	7.30E-192
388	A10	3696620..4392222	-	C02	1034730..1709877	2.70E-159
389	A10	3011688..3326038	-	C02	2097545..2296157	5.20E-36
390	A10	4488108..4779201	-	C02	86878..368893	2.40E-33
710	A10	5981599..12607476	+	C03	3384356..7484156	0
711	A10	2400264..3680955	+	C03	767150..1781501	3.60E-152
712	A10	5632817..6248193	+	C03	28724136..29374389	1.60E-26
713	A10	8012747..8881908	+	C03	34027832..36299190	3.30E-27
714	A10	4796831..5299243	+	C03	28192081..28858052	4.00E-25
719	A10	10299..1528392	-	C03	1982512..3407547	0
720	A10	3696620..4669379	-	C03	805..763338	0
721	A10	18557434..19279665	-	C03	36522656..37365590	4.70E-56
722	A10	13375706..13865706	-	C03	17961497..18995915	4.50E-54
723	A10	2134656..2370845	-	C03	1788310..1971716	6.60E-46
724	A10	452697..934718	-	C03	19743543..20061086	2.90E-43
725	A10	3025068..3253844	-	C03	1242098..1419068	1.10E-35
726	A10	10210566..10634612	-	C03	55100191..55681997	1.50E-35
727	A10	12950191..13419552	-	C03	19058689..19618454	1.40E-27
728	A10	3441268..3680955	-	C03	30626681..31505948	6.00E-27
947	A10	17181276..17581379	-	C04	32564542..33443256	1.30E-46
948	A10	16280126..16485755	-	C04	19003949..19387883	1.30E-23
949	A10	16821039..17328952	-	C04	17815647..18845228	1.70E-27
1136	A10	15677577..17879701	+	C05	906012..2655941	0
1137	A10	12878723..13865706	+	C05	1002..932756	0
1138	A10	9687460..10301149	+	C05	4075166..5293617	1.20E-71
1142	A10	2316765..2683954	-	C05	31463180..31882408	1.80E-39
1143	A10	2697955..2985115	-	C05	30231981..30762141	4.70E-35
1399	A10	1680634..2090817	+	C07	35322023..36046757	4.00E-25
1405	A10	4796831..6248193	-	C07	11194729..14628022	0
1406	A10	11613097..12508076	-	C07	24947695..26226626	1.20E-125
1407	A10	10415987..10647563	-	C07	26402915..26877199	1.70E-92
1408	A10	15180645..15646248	-	C07	14658865..15256366	2.30E-65
1409	A10	3114880..3336658	-	C07	37106397..37398210	4.30E-22
1410	A10	9289494..9950587	-	C07	45245680..45977442	2.20E-22
1629	A10	17634990..18245602	-	C06	38935457..39855664	3.60E-61
1630	A10	5359379..6126423	-	C06	27503919..28433277	1.40E-46
1873	A10	15715817..17879701	-	C08	1428736..2959055	0
1874	A10	12795068..13789600	-	C08	40813352..41476458	1.70E-198
1875	A10	15711242..16270158	-	C08	40475328..40792439	3.80E-95
1876	A10	16374078..16930300	-	C08	40209218..40432123	1.30E-57
2073	A10	897866..2370845	+	C09	34943029..37404597	0
2074	A10	10299..911027	+	C09	32272854..33899531	0
2075	A10	4008088..4529865	+	C09	39273228..40098480	4.20E-241
2076	A10	14010755..14696189	+	C09	12584291..13724761	1.00E-98
2077	A10	13349311..13777991	+	C09	680349..1420517	8.40E-26
2078	A10	12901960..13222716	+	C09	190050..568461	1.20E-22
2082	A10	2316765..3693243	-	C09	37411309..39260205	0
2083	A10	6145708..8231502	-	C09	27967024..32004612	0
2084	A10	8333857..9765254	-	C09	24840204..28283433	0
2085	A10	10775642..11777041	-	C09	21472141..23867302	0
2086	A10	11693180..12636594	-	C09	19061948..21021041	5.60E-225
2087	A10	10089517..10411637	-	C09	23931701..24905175	3.30E-121
2088	A10	18239954..18763740	-	C09	15522045..17056869	5.40E-21
